C,gamma,fold,rseed,logL,acc_train,auc_train,logL_test,acc_test,auc_test
2,0.5,0,107261,-1509.0565607630324,0.775,0.6487917268172738,-378.0910827015561,0.55,0.4988634809953514
2,0.5,1,107262,-1519.5764349200597,0.9125,0.6496207085250872,-336.0358638968249,0.45,0.5136210422460783
2,0.5,2,107263,-1511.3601611083318,0.5625,0.6574457412957213,-378.28671407230206,0.5,0.46523984135298957
2,0.5,3,107264,-1539.7179102949358,0.7125,0.6479199483039615,-354.185283793212,0.45,0.512986723975686
2,0.5,4,107265,-1471.6579276965408,0.8,0.6666666977478599,-414.48979613378367,0.65,0.525721052631579
